,product_name,product price,Collection,Colors Available,Sex
0,Chaussure Forum Low,110 €,Originals,17 Coloris disponibles,Unisex
1,Chaussure Superstar,110 €,Originals,21 Coloris disponibles,Unisex
2,Chaussure Stan Smith,110 €,Originals,41 Coloris disponibles,Unisex
3,Chaussure Forum Bold,120 €,Originals,24 Coloris disponibles,Femmes 
4,Chaussure Stan Smith,110 €,Originals,41 Coloris disponibles,Unisex
5,Chaussure Stan Smith,110 €,Originals,3 Coloris disponibles,Unisex
6,Chaussure Forum Mid,120 €,Originals,3 Coloris disponibles,Unisex
7,Chaussure Gazelle,100 €,Originals,7 Coloris disponibles,Unisex
8,Chaussure Continental 80 Stripes,110 €,Originals,4 Coloris disponibles,Unisex
9,Chaussure OZWEEGO,130 €,Originals,12 Coloris disponibles,Unisex
10,Chaussure VL Court 2.0,65 €,Sportswear,7 Coloris disponibles,Unisex
11,Chaussure ZX 2K Boost 2.0,140 €,Originals,10 Coloris disponibles,Unisex
12,Chaussure Forum Low,110 €,Originals,17 Coloris disponibles,Unisex
13,Chaussure VL Court 2.0,70 €,Sportswear,7 Coloris disponibles,Unisex
14,Chaussure Forum 84 Low ADV,110 €,Originals,2 Coloris disponibles,Hommes 
15,Chaussure Stan Smith,110 €,Originals,41 Coloris disponibles,Unisex
16,Chaussure Daily 3.0,65 €,Sportswear,5 Coloris disponibles,Hommes 
17,Chaussure Forum Bonega,120 €,Originals,3 Coloris disponibles,Femmes 
18,Chaussure Run Falcon 2.0,55 €,Running,9 Coloris disponibles,Unisex
19,Chaussure Bravada,60 €,Sportswear,3 Coloris disponibles,Femmes 
20,Chaussure Stan Smith,110 €,IVY PARK,1 Coloris disponibles,Unisex
21,Chaussure Forum Low,110 €,Originals,17 Coloris disponibles,Unisex
22,Chaussure Grand Court Lifestyle Tennis Lace-Up,40 €,Sportswear,5 Coloris disponibles,Kids Unisex 
23,Chaussure Busenitz Pro,100 €,Originals,4 Coloris disponibles,Unisex
24,Claquette Adilette Shower,28 €,Sportswear,11 Coloris disponibles,Unisex
25,Chaussure Stan Smith Parley,110 €,Originals,41 Coloris disponibles,Hommes 
26,Chaussure Stan Smith,110 €,Originals,3 Coloris disponibles,Unisex
27,Chaussure Superstar,110 €,Originals,17 Coloris disponibles,Femmes 
28,Chaussure 3MC Vulc,70 €,Originals,6 Coloris disponibles,Unisex
29,Chaussure Forum Mid,120 €,Originals,3 Coloris disponibles,Unisex
30,Chaussure Ozelia,120 €,Originals,8 Coloris disponibles,Unisex
31,Chaussure Forum 84 Low,120 €,Originals,7 Coloris disponibles,Hommes 
32,Chaussure Lite Racer 3.0,55 €,Sportswear,6 Coloris disponibles,Femmes 
33,Chaussure Grand Court Base Beyond,65 €,Sportswear,4 Coloris disponibles,Femmes 
34,Chaussure Superstar,60 €,Originals,2 Coloris disponibles,Kids Unisex 
35,Chaussure Disney Superstar 360,60 €,Originals,2 Coloris disponibles,Kids Unisex 
36,Chaussure Run 60s 2.0,60 €,Sportswear,6 Coloris disponibles,Unisex
37,Chaussure ADI2000,120 €,Originals,4 Coloris disponibles,Hommes 
38,Chaussure Ultraboost 5.0 DNA,180 €,Sportswear,23 Coloris disponibles,Unisex
39,Chaussure LA Trainer,110 €,Originals,1 Coloris disponibles,Unisex
40,Chaussure Stanniversary Stan Smith,130 €,Originals,41 Coloris disponibles,Hommes 
41,Chaussure à scratch Grand Court Lifestyle Court,30 €,Sportswear,1 Coloris disponibles,Kids Unisex 
42,Chaussure Forum 84 Low,100 €,Originals,1 Coloris disponibles,Unisex
43,Chaussure à scratchs Advantage Lifestyle Court,38 €,Sportswear,1 Coloris disponibles,Kids Unisex 
44,Chaussure ADI2000,110 €,Originals,4 Coloris disponibles,Hommes 
45,Chaussure Stan Smith,55 €,Originals,4 Coloris disponibles,Kids Unisex 
46,Chaussure NMD_R1 Primeblue,150 €,Originals,6 Coloris disponibles,Unisex
47,Chaussure à scratchs Advantage Lifestyle Court,33 €,Sportswear,1 Coloris disponibles,Kids Unisex 
48,Chaussure Nizza Platform,70 €,Originals,12 Coloris disponibles,Femmes 
49,Mule,150 €,IVY PARK,1 Coloris disponibles,Unisex
50,Chaussure Stan Smith,110 €,Originals,41 Coloris disponibles,Unisex
51,Chaussure Gazelle,100 €,Originals,7 Coloris disponibles,Unisex
52,Chaussure Grand Court Base Beyond,65 €,Sportswear,4 Coloris disponibles,Unisex
53,Chaussure Advantage,75 €,Sportswear,2 Coloris disponibles,Femmes 
54,Chaussure Lite Racer 3.0,55 €,Sportswear,4 Coloris disponibles,Unisex
55,Chaussure avec lacets élastiques et scratch sur le dessus adidas x Disney Grand Court Minnie Mouse,40 €,Sportswear,1 Coloris disponibles,Kids Unisex 
56,Chaussure Continental 80,110 €,Originals,2 Coloris disponibles,Unisex
57,Chaussure OZWEEGO,70 €,Originals,2 Coloris disponibles,Kids Unisex 
58,Chaussure Forum Low,110 €,Originals,10 Coloris disponibles,Femmes 
59,Chaussure Advantage Base Court Lifestyle,65 €,Sportswear,7 Coloris disponibles,Hommes 
60,Chaussure Forum Mid,120 €,Originals,3 Coloris disponibles,Unisex
61,Chaussure Vulc Raid3r Skateboarding,55 €,Sportswear,5 Coloris disponibles,Hommes 
62,Chaussure Advantage Base Court Lifestyle,65 €,Sportswear,7 Coloris disponibles,Hommes 
63,Chaussure VL Court 2.0,65 €,Sportswear,4 Coloris disponibles,Femmes 
64,Chaussure Gamecourt 2.0 Tennis,65 €,Tennis,4 Coloris disponibles,Hommes 
65,Chaussure de tennis Adizero Ubersonic 4,150 €,Tennis,1 Coloris disponibles,Hommes 
66,Chaussure Harden Stepback 3,100 €,Basketball,3 Coloris disponibles,Unisex
67,Chaussure Run 60s 2.0,60 €,Sportswear,6 Coloris disponibles,Unisex
68,Chaussure Handball Spezial,110 €,Originals,2 Coloris disponibles,Unisex
69,Chaussure Breaknet,60 €,Sportswear,3 Coloris disponibles,Femmes 
70,Chaussure Pharrell Williams Tennis Hu,100 €,Originals,3 Coloris disponibles,Hommes 
71,Chaussure Nizza RF,90 €,Originals,1 Coloris disponibles,Hommes 
72,STAN SMITH PARLEY,120 €,Originals,2 Coloris disponibles,Hommes 
73,Chaussure OZWEEGO,130 €,Originals,12 Coloris disponibles,Unisex
74,Chaussure Run 60s 2.0,60 €,Sportswear,6 Coloris disponibles,Unisex
75,Chaussure Forum Mid,110 €,Originals,7 Coloris disponibles,Femmes 
76,Chaussure à lacets élastiques et scratchs sur le dessus Minnie Mouse Grand Court,35 €,Sportswear,1 Coloris disponibles,Kids Unisex 
77,Chaussure Savage Trail,180 €,IVY PARK,1 Coloris disponibles,Unisex
78,Chaussure Ultraboost 21 x Parley,200 €,Running,3 Coloris disponibles,Unisex
79,Chaussure Retropy F2,100 €,Originals,4 Coloris disponibles,Unisex
80,Chaussure Run 60s 2.0,60 €,Sportswear,6 Coloris disponibles,Unisex
81,Claquette Adilette Aqua,20 €,Sportswear,6 Coloris disponibles,Kids Unisex 
82,Chaussure Superstar,65 €,Originals,1 Coloris disponibles,Kids Unisex 
83,Chaussure à lacets élastiques et scratch sur le dessus Grand Court Lifestyle Court,35 €,Sportswear,1 Coloris disponibles,Kids Unisex 
84,Chaussure à double scratch Advantage Lifestyle Court,33 €,Sportswear,4 Coloris disponibles,Kids Unisex 
85,Chaussure adizero Adios Pro 3,250 €,Running,1 Coloris disponibles,Unisex
86,Chaussure X Speedportal.3 sans lacets Terrain souple,90 €,Football,2 Coloris disponibles,Unisex
87,Chaussure Pro N3XT 2021,90 €,Basketball,4 Coloris disponibles,Unisex
88,Chaussure Ultraboost 1.0 DNA,200 €,Sportswear,3 Coloris disponibles,Unisex
89,Chaussure Lite Racer 3.0,55 €,Sportswear,4 Coloris disponibles,Unisex
90,Chaussure à scratchs VS Switch 3 Lifestyle Running,38 €,Sportswear,3 Coloris disponibles,Kids Unisex 
91,Claquette Adilette 22,60 €,Originals,2 Coloris disponibles,Unisex
92,Claquette Adilette Shower,28 €,Sportswear,11 Coloris disponibles,Unisex
93,Chaussure Stan Smith,75 €,Originals,1 Coloris disponibles,Kids Unisex 
94,Claquette Adilette,40 €,Originals,10 Coloris disponibles,Hommes 
95,Claquette Adilette Aqua,23 €,Sportswear,11 Coloris disponibles,Unisex
96,Claquette Adissage,28 €,Sportswear,3 Coloris disponibles,Unisex
97,Chaussure Stan Smith,100 €,Originals,41 Coloris disponibles,Hommes 
98,Chaussure Ultra 4DFWD,230 €,Running,2 Coloris disponibles,Unisex
99,Chaussure à scratch adidas x Disney Tensaur Sport Mickey,38 €,Sportswear,1 Coloris disponibles,Kids Unisex 
100,Chaussure Bravada,60 €,Sportswear,1 Coloris disponibles,Unisex
101,Claquette Adilette Comfort,40 €,Sportswear,15 Coloris disponibles,Unisex
102,Chaussure Advantage Base Court Lifestyle,65 €,Sportswear,4 Coloris disponibles,Femmes 
103,Chaussure Pureboost 22,130 €,Running,1 Coloris disponibles,Femmes 
104,Chaussure à lacets Tensaur Sport Training,38 €,Sportswear,9 Coloris disponibles,Kids Unisex 
105,Chaussure Forum Low,100 €,Originals,17 Coloris disponibles,Hommes 
106,Claquette Circoloco Adilette,50 €,Originals,1 Coloris disponibles,Unisex
107,Chaussure NY 90,90 €,Originals,9 Coloris disponibles,Unisex
108,Chaussure Forum Low,70 €,Originals,3 Coloris disponibles,Kids Unisex 
109,Claquette Adilette Boost,65 €,Sportswear,3 Coloris disponibles,Unisex
110,Chaussure Forum Exhibit Low,100 €,Originals,5 Coloris disponibles,Hommes 
111,Chaussure Samba Vegan,100 €,Originals,3 Coloris disponibles,Unisex
112,Chaussure ZX 5K Boost Lerna,160 €,Originals,1 Coloris disponibles,Unisex
113,Chaussure Gazelle,100 €,Originals,7 Coloris disponibles,Unisex
114,Chaussure Campus ADV,100 €,Originals,3 Coloris disponibles,Unisex
115,Claquette adilette,38 €,Originals,10 Coloris disponibles,Unisex
116,Chaussure Daily 3.0,65 €,Sportswear,5 Coloris disponibles,Hommes 
117,Chaussure Superstar,75 €,Originals,4 Coloris disponibles,Kids Unisex 
118,Chaussure Run Falcon 2.0 TR,65 €,Running,4 Coloris disponibles,Unisex
119,Chaussure ADI2000,120 €,Originals,4 Coloris disponibles,Hommes 
120,Chaussure Novaflight Volleyball,110 €,Volley-ball,3 Coloris disponibles,Hommes 
121,ADIZERO X ALLBIRDS 2.94 KG CO2E,120 €,Running,3 Coloris disponibles,Hommes 
122,Chaussure Forum Bold,95 €,Originals,1 Coloris disponibles,Kids Unisex 
123,Chaussure NMD_R1,150 €,Originals,8 Coloris disponibles,Unisex
124,Chaussure Continental 80,110 €,Originals,2 Coloris disponibles,Unisex
125,Chaussure OZWEEGO,130 €,Originals,12 Coloris disponibles,Unisex
126,Chaussure Forum Low,80 €,Originals,3 Coloris disponibles,Kids Unisex 
127,Chaussure Gazelle,55 €,Originals,9 Coloris disponibles,Kids Unisex 
128,Chaussure Advantage,75 €,Sportswear,4 Coloris disponibles,Unisex
129,Chaussure Superstar,65 €,Originals,2 Coloris disponibles,Kids Unisex 
130,Chaussure Gazelle,60 €,Originals,9 Coloris disponibles,Kids Unisex 
131,Chaussure de football X SPEEDPORTAL.2 Terrain souple,140 €,Football,2 Coloris disponibles,Unisex
132,Chaussure à scratch Tensaur Sport Training,33 €,Sportswear,8 Coloris disponibles,Kids Unisex 
133,Chaussure Superstar,65 €,Originals,1 Coloris disponibles,Kids Unisex 
134,Y-3 MAKURA,400 €,Uknown,1 Coloris disponibles,Unisex
135,Chaussure Forum Bold,120 €,Originals,24 Coloris disponibles,Femmes 
136,Claquette Adilette Shower,30 €,Sportswear,11 Coloris disponibles,Unisex
137,Claquette Adilette Aqua,23 €,Sportswear,8 Coloris disponibles,Femmes 
138,Chaussure à scratch Grand Court Lifestyle,30 €,Sportswear,3 Coloris disponibles,Kids Unisex 
139,Chaussure Copa Sense.3 Laceless Terrain souple,90 €,Football,2 Coloris disponibles,Unisex
140,Chaussure à scratch Tensaur Sport Training,33 €,Sportswear,8 Coloris disponibles,Kids Unisex 
141,Chaussure Hoops,38 €,Basketball,2 Coloris disponibles,Kids Unisex 
142,Chaussure Busenitz Vulc 2.0,90 €,Originals,6 Coloris disponibles,Hommes 
143,Chaussure Breaknet,45 €,Sportswear,3 Coloris disponibles,Kids Unisex 
144,Chaussure Disney Forum 84 Low,110 €,Originals,1 Coloris disponibles,Femmes 
145,Chaussure Originals Flex,60 €,Originals,2 Coloris disponibles,Kids Unisex 
146,Chaussure Ultraboost 22,190 €,Running,28 Coloris disponibles,Unisex
147,Chaussure Stan Smith,75 €,Originals,5 Coloris disponibles,Kids Unisex 
148,Chaussure Superstar,120 €,Originals,21 Coloris disponibles,Hommes 
149,Chaussure Grand Court Alpha Cloudfoam Lifestyle Court Comfort Style,80 €,Sportswear,5 Coloris disponibles,Femmes 
150,Chaussure à double scratch Advantage Lifestyle Court,33 €,Sportswear,4 Coloris disponibles,Kids Unisex 
151,Chaussure 3MC Vulc,70 €,Originals,6 Coloris disponibles,Unisex
152,Chaussure Stan Smith,120 €,Originals,41 Coloris disponibles,Hommes 
153,Chaussure Ultraboost 21 COLD.RDY,180 €,Running,2 Coloris disponibles,Femmes 
154,Chaussure Busenitz Vintage,100 €,Originals,2 Coloris disponibles,Hommes 
155,Chaussure Puig,90 €,Originals,2 Coloris disponibles,Hommes 
156,Chaussure NMD 360,55 €,Originals,1 Coloris disponibles,Kids Unisex 
157,Chaussure Gazelle,100 €,Originals,7 Coloris disponibles,Unisex
158,Chaussure Ultraboost,200 €,IVY PARK,1 Coloris disponibles,Unisex
159,Chaussure NMD 360,70 €,Originals,2 Coloris disponibles,Kids Unisex 
160,Chaussure Vulc Raid3r Skateboarding,55 €,Sportswear,4 Coloris disponibles,Femmes 
161,Chaussure Continental 80,50 €,Originals,1 Coloris disponibles,Kids Unisex 
162,Chaussure Nizza Hi ADV,100 €,Originals,2 Coloris disponibles,Unisex
163,Chaussure en suède VL Court Lifestyle Skateboarding,75 €,Sportswear,7 Coloris disponibles,Hommes 
164,Chaussure Superstar,70 €,Originals,1 Coloris disponibles,Kids Unisex 
165,Chaussure VL Court 2.0,65 €,Sportswear,7 Coloris disponibles,Unisex
166,Chaussure de tennis à lacets Grand Court Lifestyle,40 €,Sportswear,1 Coloris disponibles,Kids Unisex 
167,Chaussure VL Court 2.0,70 €,Sportswear,7 Coloris disponibles,Unisex
168,Chaussure Vulc Raid3r Skateboarding,55 €,Sportswear,5 Coloris disponibles,Hommes 
169,Chaussure OZWEEGO,130 €,Originals,12 Coloris disponibles,Unisex
170,Chaussure Bravada,60 €,Sportswear,3 Coloris disponibles,Femmes 
171,Chaussure OZWEEGO,60 €,Originals,2 Coloris disponibles,Kids Unisex 
172,PUREMOTION ADAPT,70 €,Sportswear,2 Coloris disponibles,Femmes 
173,Chaussure Superstar,110 €,Originals,21 Coloris disponibles,Unisex
174,Chaussure NY 90,90 €,Originals,9 Coloris disponibles,Unisex
175,Claquette Eezay,23 €,Sportswear,2 Coloris disponibles,Unisex
176,Chaussure Lite Racer 3.0,55 €,Sportswear,4 Coloris disponibles,Unisex
177,Chaussure Gazelle,100 €,Originals,7 Coloris disponibles,Unisex
178,Chaussure Adizero Adios Pro 2.0,220 €,Running,3 Coloris disponibles,Unisex
179,Chaussure adidas Superstar x LEGO®,75 €,Originals,1 Coloris disponibles,Kids Unisex 
180,Chaussure Tensaur Run,30 €,Sportswear,8 Coloris disponibles,Kids Unisex 
181,Chaussure adidas Stan Smith x LEGO®,65 €,Originals,1 Coloris disponibles,Kids Unisex 
182,Chaussure Busenitz,100 €,Originals,4 Coloris disponibles,Hommes 
183,Chaussure à lacets élastiques et scratch sur le dessus Grand Court Lifestyle Court,35 €,Sportswear,1 Coloris disponibles,Kids Unisex 
184,Chaussure Forum 84 High,140 €,Originals,2 Coloris disponibles,Hommes 
185,Chaussure Tobacco Gruen,110 €,Originals,3 Coloris disponibles,Hommes 
186,Chaussure adidas x Disney Superstar 360,70 €,Originals,1 Coloris disponibles,Kids Unisex 
187,Chaussure Harden Stepback 3,100 €,Basketball,3 Coloris disponibles,Unisex
188,Chaussure Campus ADV,90 €,Originals,3 Coloris disponibles,Unisex
189,Chaussure Court Tourino RF,100 €,Originals,1 Coloris disponibles,Hommes 
190,Chaussure LA Trainer OG,110 €,Originals,2 Coloris disponibles,Hommes 
191,Chaussure Grand Court Base Beyond,65 €,Sportswear,4 Coloris disponibles,Femmes 
192,Chaussure NY 90,90 €,Originals,9 Coloris disponibles,Hommes 
193,Chaussure Advantage,75 €,Sportswear,4 Coloris disponibles,Unisex
194,Chaussure Stan Smith,100 €,Originals,41 Coloris disponibles,Hommes 
195,Claquette Adilette Boost,65 €,Sportswear,3 Coloris disponibles,Unisex
196,Chaussure Nario Move ,80 €,Running,2 Coloris disponibles,Femmes 
197,Chaussure Gazelle,100 €,Originals,7 Coloris disponibles,Femmes 
198,Chaussure à scratch Tensaur Sport Training,28 €,Sportswear,7 Coloris disponibles,Kids Unisex 
199,Chaussure Forum Low,65 €,Originals,3 Coloris disponibles,Kids Unisex 
200,Chaussure CourtBeat Court Lifestyle,70 €,Sportswear,1 Coloris disponibles,Hommes 
201,Chaussure Gazelle,55 €,Originals,9 Coloris disponibles,Kids Unisex 
202,Chaussure Superstar 360,65 €,Originals,1 Coloris disponibles,Kids Unisex 
203,Chaussure Advantage Base Court Lifestyle,65 €,Sportswear,7 Coloris disponibles,Hommes 
204,Chaussure Adizero Adios Pro 2.0,220 €,Running,3 Coloris disponibles,Unisex
205,Chaussure Ownthegame,70 €,Basketball,3 Coloris disponibles,Unisex
206,Chaussure Forum Luxe Low,130 €,Originals,1 Coloris disponibles,Hommes 
207,Chaussure Predator Edge+ Terrain souple,280 €,Football,6 Coloris disponibles,Unisex
208,Chaussure T-Mac 3 Restomod,160 €,Basketball,1 Coloris disponibles,Unisex
209,Chaussure X Speedportal+ Terrain souple,280 €,Football,2 Coloris disponibles,Unisex
210,Chaussure de golf Adicross Retro,110 €,Golf,5 Coloris disponibles,Hommes 
211,Chaussure NY 90,55 €,Originals,2 Coloris disponibles,Kids Unisex 
212,Chaussure Racer TR21,55 €,Sportswear,1 Coloris disponibles,Kids Unisex 
213,Chaussure Daily 3.0 Eco Sustainable Lifestyle Skateboarding Recycled Rubber Sustainable Upper,70 €,Sportswear,4 Coloris disponibles,Hommes 
214,Claquette Adilette Comfort,45 €,Sportswear,11 Coloris disponibles,Femmes 
215,Claquette adilette,40 €,Originals,10 Coloris disponibles,Unisex
216,Chaussure Racer TR21,75 €,Sportswear,5 Coloris disponibles,Unisex
217,Chaussure 3MC Vulc,70 €,Originals,6 Coloris disponibles,Unisex
218,Chaussure Superstar,60 €,Originals,2 Coloris disponibles,Kids Unisex 
219,Chaussure Pharrell Williams Tennis Hu,100 €,Originals,4 Coloris disponibles,Hommes 
220,Chausson d'escalade Five Ten Hiangle,150 €,Five Ten,1 Coloris disponibles,Unisex
221,Claquette Adilette Aqua,23 €,Sportswear,11 Coloris disponibles,Unisex
222,Chaussure Stan Smith Crib,38 €,Originals,1 Coloris disponibles,Kids Unisex 
223,Chaussure Matchbreak Super,80 €,Originals,6 Coloris disponibles,Unisex
224,Chaussure à lacets Advantage Lifestyle Court,45 €,Sportswear,4 Coloris disponibles,Kids Unisex 
225,Chaussure Ultraboost Web DNA,180 €,Lifestyle,3 Coloris disponibles,Femmes 
226,Claquette Adilette Aqua,23 €,Sportswear,11 Coloris disponibles,Unisex
227,Chaussure Run 60s 2.0,60 €,Sportswear,3 Coloris disponibles,Femmes 
228,Chaussure à scratch Tensaur Sport Training,28 €,Sportswear,7 Coloris disponibles,Kids Unisex 
229,Chaussure de tennis à lacets Grand Court Lifestyle,40 €,Sportswear,1 Coloris disponibles,Kids Unisex 
230,Chaussure à lacets Tensaur Sport Training,38 €,Sportswear,9 Coloris disponibles,Kids Unisex 
231,Chaussure Superstar Vegan,110 €,Originals,2 Coloris disponibles,Unisex
232,Chaussure Postmove Mid,90 €,Basketball,2 Coloris disponibles,Femmes 
233,Chaussure Copa Sense.1 Terrain souple,220 €,Football,6 Coloris disponibles,Unisex
234,Chaussure Runfalcon 2.0,38 €,Sportswear,7 Coloris disponibles,Kids Unisex 
235,Chaussure Runfalcon 2.0,40 €,Sportswear,13 Coloris disponibles,Kids Unisex 
236,Chaussure Forum 84 Low,120 €,Originals,7 Coloris disponibles,Hommes 
237,Chaussure à scratch Grand Court Lifestyle,30 €,Sportswear,3 Coloris disponibles,Kids Unisex 
238,Chaussure à scratch adidas x Disney Tensaur Sport Mickey,33 €,Sportswear,1 Coloris disponibles,Kids Unisex 
239,Chaussure Solarglide 5,140 €,Running,11 Coloris disponibles,Femmes 
240,Sandale Y-3,160 €,Uknown,5 Coloris disponibles,Unisex
241,Chaussure ZX 700 HD,65 €,Originals,2 Coloris disponibles,Kids Unisex 
242,Chaussure Forum Low,55 €,Originals,3 Coloris disponibles,Kids Unisex 
243,Chaussure Runfalcon 2.0,38 €,Sportswear,7 Coloris disponibles,Kids Unisex 
244,Chaussure basse Forum Exhibit,100 €,Originals,5 Coloris disponibles,Hommes 
245,Chaussure Superstar,60 €,Originals,1 Coloris disponibles,Kids Unisex 
246,Chaussure Matchbreak Super,80 €,Originals,6 Coloris disponibles,Unisex
247,Chaussure à lacets Tensaur Sport Training,38 €,Sportswear,9 Coloris disponibles,Kids Unisex 
248,Chaussure Breaknet Court Lifestyle,60 €,Sportswear,6 Coloris disponibles,Hommes 
249,Chaussure Predator Edge+ Terrain souple,280 €,Football,6 Coloris disponibles,Unisex
250,Chaussure ZX 500,110 €,Originals,6 Coloris disponibles,Hommes 
251,Chaussure Ultra 4DFWD,230 €,Running,2 Coloris disponibles,Unisex
252,Chaussure Grand Court Cloudfoam Lifestyle Comfort,80 €,Sportswear,4 Coloris disponibles,Femmes 
253,Chaussure X Speedportal.3 sans lacets Terrain souple,90 €,Football,2 Coloris disponibles,Unisex
254,Claquette Adilette Ayoon,50 €,Originals,3 Coloris disponibles,Femmes 
255,Chaussure X Speedportal+ Terrain gras,280 €,Football,1 Coloris disponibles,Unisex
256,Claquette Adilette Aqua,23 €,Sportswear,11 Coloris disponibles,Unisex
257,Chaussure Ultraboost 21 COLD.RDY,180 €,Running,5 Coloris disponibles,Unisex
258,Chaussure Delpala,70 €,Originals,1 Coloris disponibles,Unisex
259,Chaussure Disney Stan Smith,110 €,Originals,2 Coloris disponibles,Femmes 
260,Chaussure Runfalcon 2.0,33 €,Sportswear,6 Coloris disponibles,Kids Unisex 
261,Chaussure OZWEEGO,130 €,Originals,12 Coloris disponibles,Hommes 
262,Chaussure Puig Indoor,90 €,Originals,3 Coloris disponibles,Hommes 
263,Chaussure à scratch Advantage Court Lifestyle,38 €,Sportswear,2 Coloris disponibles,Kids Unisex 
264,ADIZERO X ALLBIRDS 2.94 KG CO2E,120 €,Running,3 Coloris disponibles,Hommes 
265,Chaussure Run Falcon 2.0,55 €,Running,9 Coloris disponibles,Unisex
266,Chaussure à scratchs VS Switch 3 Lifestyle Running,33 €,Sportswear,4 Coloris disponibles,Kids Unisex 
267,Chaussure de volley-ball CrazyFlight Mid Tokyo,160 €,Volley-ball,3 Coloris disponibles,Femmes 
268,Chaussure Pharrell Williams Tennis Hu,100 €,Originals,3 Coloris disponibles,Hommes 
269,Claquette Adilette Shower,23 €,Sportswear,4 Coloris disponibles,Kids Unisex 
270,Chaussure Predator Edge.3 Laceless Terrain souple,100 €,Football,2 Coloris disponibles,Unisex
271,Sandales Altaswim,30 €,Sportswear,3 Coloris disponibles,Kids Unisex 
272,Chaussure Trainer V,85 €,Fitness et Training,3 Coloris disponibles,Hommes 
273,Chaussure Forum Mid,95 €,Originals,3 Coloris disponibles,Kids Unisex 
274,Chaussure à double scratch Advantage Lifestyle Court,33 €,Sportswear,4 Coloris disponibles,Kids Unisex 
275,Chaussure Stan Smith,100 €,Originals,41 Coloris disponibles,Hommes 
276,Chaussure Flex adidas x Disney Originals ,60 €,Originals,1 Coloris disponibles,Kids Unisex 
277,Chaussure Pureboost 22,130 €,Running,4 Coloris disponibles,Hommes 
278,Claquette Adilette Aqua,23 €,Sportswear,11 Coloris disponibles,Unisex
279,Chaussure de trail running Terrex Soulstride,100 €,TERREX,5 Coloris disponibles,Hommes 
280,Chaussure Forum Low,110 €,Originals,17 Coloris disponibles,Hommes 
281,Chaussure Predator Edge.3 Terrain souple,90 €,Football,4 Coloris disponibles,Unisex
282,Chaussure Nizza Hi RF,100 €,Originals,2 Coloris disponibles,Hommes 
283,Claquette Adilette Lite,35 €,Originals,5 Coloris disponibles,Unisex
284,Chaussure de running Ozelle Cloudfoam Lifestyle,80 €,Sportswear,2 Coloris disponibles,Hommes 
285,Chaussure Forum 84 Low,100 €,Originals,1 Coloris disponibles,Hommes 
286,Chaussure NMD_R1 Primeblue,150 €,Originals,6 Coloris disponibles,Unisex
287,Chaussure Hoops,33 €,Basketball,3 Coloris disponibles,Kids Unisex 
288,Chaussure Dropset Trainer,130 €,Fitness et Training,7 Coloris disponibles,Hommes 
289,NIZZA,70 €,Originals,4 Coloris disponibles,Hommes 
290,Chaussure Run Falcon 2.0,55 €,Running,9 Coloris disponibles,Hommes 
291,Chaussure Ultraboost 5.0 DNA,180 €,Sportswear,23 Coloris disponibles,Hommes 
292,Chaussure Superstar,65 €,Originals,1 Coloris disponibles,Kids Unisex 
293,Chaussure adidas Ultraboost DNA x LEGO® Colors,180 €,Sportswear,3 Coloris disponibles,Unisex
294,Chaussure Adizero Adios Pro 2.0,220 €,Running,3 Coloris disponibles,Unisex
295,Claquette Adilette Aqua,23 €,Sportswear,11 Coloris disponibles,Unisex
296,Chaussure Superstar,65 €,Originals,2 Coloris disponibles,Kids Unisex 
297,Claquette Adilette TND,35 €,Sportswear,9 Coloris disponibles,Unisex
298,Chaussure OZWEEGO,130 €,Originals,12 Coloris disponibles,Hommes 
299,Claquette Adilette 22,60 €,Originals,1 Coloris disponibles,Unisex
300,Chaussure Adizero Prime X,250 €,Running,3 Coloris disponibles,Unisex
301,Claquette adidas Adilette Comfort x LEGO®,50 €,Sportswear,15 Coloris disponibles,Unisex
302,Chaussure Adizero Boston 11,160 €,Running,4 Coloris disponibles,Hommes 
303,Chaussure Predator Edge+ Terrain souple,150 €,Football,1 Coloris disponibles,Kids Unisex 
304,Claquette Adilette Aqua,23 €,Sportswear,11 Coloris disponibles,Unisex
305,Chaussure Forum Low,110 €,Originals,17 Coloris disponibles,Hommes 
306,Chaussure OZWEEGO,100 €,Originals,2 Coloris disponibles,Kids Unisex 
307,Claquette Adilette Shower,28 €,Sportswear,11 Coloris disponibles,Unisex
308,Chaussure de VTT Five Ten Sleuth DLX,130 €,Five Ten,6 Coloris disponibles,Femmes 
309,Claquette Adilette Shower,28 €,Sportswear,11 Coloris disponibles,Unisex
310,Chaussure Stan Smith,100 €,Originals,41 Coloris disponibles,Hommes 
311,Chaussure Disney Superstar 360,60 €,Originals,2 Coloris disponibles,Kids Unisex 
312,Chaussure de volley-ball Forcebounce,110 €,Volley-ball,3 Coloris disponibles,Hommes 
313,Claquette Adilette Comfort,45 €,Sportswear,15 Coloris disponibles,Unisex
314,Chaussure Flex adidas x Disney Originals ,65 €,Originals,1 Coloris disponibles,Kids Unisex 
315,Claquette Adilette Aqua,20 €,Sportswear,6 Coloris disponibles,Kids Unisex 
316,Chaussure Multix,90 €,Sportswear,7 Coloris disponibles,Unisex
317,Chaussure à double scratch Advantage Lifestyle Court,33 €,Sportswear,4 Coloris disponibles,Kids Unisex 
318,Chaussure Handball Spezial,110 €,Originals,2 Coloris disponibles,Unisex
319,Sabot Adilette,45 €,Sportswear,5 Coloris disponibles,Unisex
320,Chaussure Y-3 Ajatu Court Low,250 €,Uknown,1 Coloris disponibles,Unisex
321,Chaussure Forum Low,100 €,Originals,10 Coloris disponibles,Femmes 
322,Chaussure Superstar,110 €,Originals,21 Coloris disponibles,Unisex
323,Chaussure Originals Flex,55 €,Originals,2 Coloris disponibles,Kids Unisex 
324,Chaussure de cyclisme The Velosamba,120 €,Cyclisme,2 Coloris disponibles,Unisex
325,Claquette Adilette Aqua,20 €,Sportswear,6 Coloris disponibles,Kids Unisex 
326,Chaussure Grand Court Lifestyle Tennis Lace-Up,40 €,Sportswear,5 Coloris disponibles,Kids Unisex 
327,Claquette Adilette,40 €,Originals,10 Coloris disponibles,Hommes 
328,Chaussure adidas x Disney Racer TR21 Toy Story Woody,50 €,Sportswear,1 Coloris disponibles,Kids Unisex 
329,Chaussure de tennis Adizero Ubersonic 4,200 €,Tennis,1 Coloris disponibles,Hommes 
330,Chaussure Advantage,75 €,Sportswear,4 Coloris disponibles,Unisex
331,Chaussure EQ21 Run,85 €,Running,12 Coloris disponibles,Hommes 
332,Chaussure Forum Low City,75 €,Originals,2 Coloris disponibles,Kids Unisex 
333,Chaussure Forum Bold,120 €,Originals,24 Coloris disponibles,Femmes 
334,Chaussure à scratchs VS Switch 3 Lifestyle Running,33 €,Sportswear,4 Coloris disponibles,Kids Unisex 
335,Claquette adilette,40 €,Originals,10 Coloris disponibles,Unisex
336,Chaussure Forum 84 Low,120 €,Originals,7 Coloris disponibles,Hommes 
337,Chaussure TRX Vintage,110 €,Originals,5 Coloris disponibles,Hommes 
338,Chaussure Racer TR21,75 €,Sportswear,5 Coloris disponibles,Unisex
339,Chaussure LA Trainer Lite,38 €,Originals,1 Coloris disponibles,Kids Unisex 
340,Chaussure Stan Smith,110 €,Originals,41 Coloris disponibles,Hommes 
341,Chaussure ZX 22,100 €,Originals,3 Coloris disponibles,Kids Unisex 
342,Chaussure adidas x Allbirds,120 €,Running,3 Coloris disponibles,Femmes 
343,Chaussure X Speedportal.3 Terrain souple,80 €,Football,1 Coloris disponibles,Unisex
344,Claquette Adilette Shower,23 €,Sportswear,4 Coloris disponibles,Kids Unisex 
345,ADIZERO X ALLBIRDS 2.94 KG CO2E,120 €,Running,3 Coloris disponibles,Hommes 
346,Chaussure Ultraboost 22,160 €,Running,1 Coloris disponibles,Kids Unisex 
347,Chaussure à scratch Tensaur Sport Training,33 €,Sportswear,8 Coloris disponibles,Kids Unisex 
348,Chaussure ZX 5K BOOST,170 €,Originals,8 Coloris disponibles,Hommes 
349,Claquette Adilette Shower,28 €,Sportswear,11 Coloris disponibles,Unisex
350,Chaussure Grand Court Base Beyond,65 €,Sportswear,4 Coloris disponibles,Unisex
351,Chaussure de trail running Tracerocker 2.0,100 €,TERREX,2 Coloris disponibles,Femmes 
352,Chaussure OZWEEGO,130 €,Originals,12 Coloris disponibles,Hommes 
353,Chaussure de trail running Terrex Two Flow,120 €,TERREX,6 Coloris disponibles,Unisex
354,Chaussure de handball Marvel Avengers Thor Adizero Fastcourt 1.5,130 €,Fitness et Training,4 Coloris disponibles,Hommes 
355,Chaussure Superstar,110 €,Originals,17 Coloris disponibles,Femmes 
356,Chaussure Solarcontrol,150 €,Running,3 Coloris disponibles,Femmes 
357,Chaussure Sarlacc Pit Samba,100 €,Originals,2 Coloris disponibles,Unisex
358,Chaussure Grand Court Cloudfoam Lifestyle Court Comfort,75 €,Sportswear,4 Coloris disponibles,Femmes 
359,Chaussure ADI2000,110 €,Originals,4 Coloris disponibles,Hommes 
360,Chaussure Solarglide 5,140 €,Running,11 Coloris disponibles,Hommes 
361,Chaussure à scratch Tensaur Sport Training,33 €,Sportswear,8 Coloris disponibles,Kids Unisex 
362,Chaussure Grand Court Base Beyond,65 €,Sportswear,3 Coloris disponibles,Femmes 
363,Chaussure de randonnée Terrex Swift R2 GORE-TEX,150 €,TERREX,4 Coloris disponibles,Unisex
364,Chaussure Supernova+,120 €,Running,5 Coloris disponibles,Hommes 
365,Chaussure Forum Low,100 €,Originals,10 Coloris disponibles,Femmes 
366,Chaussure Superstar 360,55 €,Originals,2 Coloris disponibles,Kids Unisex 
367,Chaussure Forum Low,60 €,Originals,3 Coloris disponibles,Kids Unisex 
368,Claquette Adilette Aqua,20 €,Sportswear,6 Coloris disponibles,Kids Unisex 
369,Chaussure Vulc Raid3r Skateboarding,55 €,Sportswear,5 Coloris disponibles,Hommes 
370,Chaussure Ultraboost 22 Made with Nature,190 €,Running,2 Coloris disponibles,Hommes 
371,Chaussure Top Ten RB,100 €,Originals,5 Coloris disponibles,Hommes 
372,CHAUSSURE  ULTRABOOST 22,190 €,Running,31 Coloris disponibles,Femmes 
373,Chaussure à scratchs VS Switch 3 Lifestyle Running,33 €,Sportswear,4 Coloris disponibles,Kids Unisex 
374,Chaussure Stan Smith,110 €,Originals,41 Coloris disponibles,Hommes 
375,Claquette Adilette Comfort,40 €,Sportswear,15 Coloris disponibles,Unisex
376,Claquette Adilette,40 €,Originals,10 Coloris disponibles,Hommes 
377,Chaussure Continental 80 Stripes,110 €,Originals,3 Coloris disponibles,Femmes 
378,Chaussure Copa Sense+ Terrain souple,280 €,Football,2 Coloris disponibles,Unisex
379,Claquette Comfort,35 €,Sportswear,2 Coloris disponibles,Hommes 
380,Chaussure Forum Low,110 €,Originals,17 Coloris disponibles,Hommes 
381,Chaussure Nizza Platform Mid,80 €,Originals,7 Coloris disponibles,Femmes 
382,Chaussure ZX 500,110 €,Originals,6 Coloris disponibles,Hommes 
383,Chaussure Continental 80,60 €,Originals,1 Coloris disponibles,Kids Unisex 
384,Chaussure de voyage Terrex Voyager 21,100 €,TERREX,2 Coloris disponibles,Femmes 
385,Claquette Adilette Comfort,45 €,Sportswear,15 Coloris disponibles,Unisex
386,Chaussure de randonnée Terrex Swift R2 GORE-TEX,150 €,TERREX,4 Coloris disponibles,Unisex
387,Chaussure Continental 80 Vegan,110 €,Originals,2 Coloris disponibles,Unisex
388,Claquette Adilette 22,60 €,Originals,1 Coloris disponibles,Unisex
389,Chaussure Superstar,110 €,Originals,21 Coloris disponibles,Unisex
390,Claquette adidas Adilette Comfort x LEGO®,50 €,Sportswear,15 Coloris disponibles,Unisex
391,Chaussure Superstar,65 €,Originals,1 Coloris disponibles,Kids Unisex 
392,Chaussure X Speedportal.1 Terrain souple,250 €,Football,2 Coloris disponibles,Unisex
393,Chaussure Stan Smith Parley,130 €,Originals,2 Coloris disponibles,Hommes 
394,Chaussure Superstar,70 €,Originals,1 Coloris disponibles,Kids Unisex 
395,Chaussure de football X SPEEDPORTAL.2 Terrain souple,140 €,Football,2 Coloris disponibles,Unisex
396,Sandale Adilette Comfort,45 €,Sportswear,11 Coloris disponibles,Femmes 
397,Chaussure Stanniversary Barricade,200 €,Tennis,1 Coloris disponibles,Hommes 
398,Chaussure Copa Sense+ Terrain souple,280 €,Football,2 Coloris disponibles,Unisex
399,Chaussure Gazelle ADV,110 €,Originals,2 Coloris disponibles,Unisex
400,Chaussure de randonnée Terrex Swift R2 Mid GORE-TEX,170 €,TERREX,1 Coloris disponibles,Unisex
401,Chaussure de randonnée Terrex AX4 GORE-TEX,140 €,TERREX,7 Coloris disponibles,Unisex
402,Chaussure à scratch Tensaur Sport Training,33 €,Sportswear,8 Coloris disponibles,Kids Unisex 
403,Chaussure X Speedportal.1 Terrain souple,100 €,Football,2 Coloris disponibles,Kids Unisex 
404,Claquette Adilette Comfort Adjustable,50 €,Sportswear,2 Coloris disponibles,Unisex
405,Chaussure Forum Bonega Mid,130 €,Originals,3 Coloris disponibles,Femmes 
406,Chaussure 3MC Vulc,70 €,Originals,6 Coloris disponibles,Unisex
407,Chaussure Nizza,55 €,Originals,2 Coloris disponibles,Kids Unisex 
408,Chaussure Samba OG,100 €,Originals,3 Coloris disponibles,Hommes 
409,Chaussure Stan Smith,110 €,Originals,41 Coloris disponibles,Hommes 
410,Chaussure Samba Super,100 €,Originals,1 Coloris disponibles,Unisex
411,Chaussure Runfalcon 2.0,38 €,Sportswear,7 Coloris disponibles,Kids Unisex 
412,Chaussure de golf sans crampons Stan Smith Primegreen Special Edition,110 €,Golf,1 Coloris disponibles,Unisex
413,Claquette Adilette Lite,35 €,Originals,5 Coloris disponibles,Unisex
414,Chaussure Tensaur Run,38 €,Sportswear,1 Coloris disponibles,Kids Unisex 
415,Chaussure Handball Spezial,100 €,Volley-ball,1 Coloris disponibles,Unisex
416,Chaussure Gazelle,55 €,Originals,9 Coloris disponibles,Kids Unisex 
417,Chaussure à scratchs VS Switch 3 Lifestyle Running,38 €,Sportswear,3 Coloris disponibles,Kids Unisex 
418,Chaussure Run 80s,80 €,Sportswear,5 Coloris disponibles,Unisex
419,Chaussure TRX Vintage,110 €,Originals,5 Coloris disponibles,Hommes 
420,Chaussure Breaknet,38 €,Sportswear,1 Coloris disponibles,Kids Unisex 
421,Chaussure OZWEEGO,130 €,Originals,8 Coloris disponibles,Femmes 
422,Chaussure Superstar,75 €,Originals,4 Coloris disponibles,Kids Unisex 
423,Chaussure Forum Low,75 €,Originals,1 Coloris disponibles,Kids Unisex 
424,Chaussure adidas x LEGO® Racer TR,55 €,Sportswear,1 Coloris disponibles,Kids Unisex 
425,Chaussure Predator Edge.1 Terrain souple,220 €,Football,7 Coloris disponibles,Unisex
426,Chaussure Advantage,75 €,Sportswear,2 Coloris disponibles,Femmes 
427,Chaussure Runfalcon 2.0,38 €,Sportswear,7 Coloris disponibles,Kids Unisex 
428,Chaussure Ultraboost 4.0 DNA,160 €,Sportswear,5 Coloris disponibles,Femmes 
429,Chaussure à lacets Tensaur Sport Training,38 €,Sportswear,9 Coloris disponibles,Kids Unisex 
430,Chaussure Forum Low x André Saraiva,110 €,Originals,17 Coloris disponibles,Hommes 
431,Chaussure Pureboost 22,130 €,Running,4 Coloris disponibles,Hommes 
432,Chaussure de randonnée Terrex AX4 Primegreen,120 €,TERREX,6 Coloris disponibles,Unisex
433,Chaussure Forum Low,60 €,Originals,3 Coloris disponibles,Kids Unisex 
434,Chaussure Duramo SL 2.0,60 €,Running,10 Coloris disponibles,Hommes 
435,Chaussure Ultraboost 5 DNA Running Lifestyle,180 €,Sportswear,23 Coloris disponibles,Hommes 
436,Chaussure Grand Court Cloudfoam Lifestyle Court Comfort,75 €,Sportswear,4 Coloris disponibles,Femmes 
437,Chaussure Predator Edge.1 Low Terrain souple,220 €,Football,5 Coloris disponibles,Unisex
438,Chaussure de skateboard VULCRAID3R,35 €,Sportswear,2 Coloris disponibles,Kids Unisex 
439,Chaussure Ligra 7 Indoor,65 €,Fitness et Training,3 Coloris disponibles,Femmes 
440,Chaussure à scratchs VS Switch 3 Lifestyle Running,38 €,Sportswear,3 Coloris disponibles,Kids Unisex 
441,Cross Em Up 5 K Wide,60 €,Basketball,5 Coloris disponibles,Kids Unisex 
442,Chaussure Forum Low,100 €,Originals,17 Coloris disponibles,Hommes 
443,Chaussure Grand Court Cloudfoam Lifestyle Court Comfort,75 €,Sportswear,3 Coloris disponibles,Hommes 
444,Chaussure Strutter,60 €,Sportswear,1 Coloris disponibles,Unisex
445,Chaussure Samba Super Suede,100 €,Originals,1 Coloris disponibles,Unisex
446,Chaussure ZX 8000,120 €,Originals,1 Coloris disponibles,Femmes 
447,Sandale Closed-Toe Summer Water,33 €,Sportswear,3 Coloris disponibles,Kids Unisex 
448,Chaussure Busenitz Vulc 2.0,90 €,Originals,6 Coloris disponibles,Hommes 
449,Sandale Altaventure Sport Swim,38 €,Sportswear,3 Coloris disponibles,Kids Unisex 
450,Chaussure Predator Edge.1 Terrain souple,220 €,Football,7 Coloris disponibles,Unisex
451,Chaussure sans lacets X Speedportal.3 Turf,90 €,Football,1 Coloris disponibles,Unisex
452,Chaussure Grand Court Lifestyle Tennis Lace-Up,40 €,Sportswear,5 Coloris disponibles,Kids Unisex 
453,Chaussure de basketball basse Postmove Super Lifestyle,80 €,Basketball,5 Coloris disponibles,Hommes 
454,Chaussure Gamemode Knit Terrain souple,100 €,Football,2 Coloris disponibles,Unisex
455,Chaussure Ultraboost 21 COLD.RDY,180 €,Running,5 Coloris disponibles,Unisex
456,Chaussure adidas 4D FWD x Parley,220 €,Running,2 Coloris disponibles,Unisex
457,Chaussure Forum Low CL,110 €,Originals,3 Coloris disponibles,Hommes 
458,Chaussure Grand Court Cloudfoam Lifestyle Court Comfort,75 €,Sportswear,4 Coloris disponibles,Femmes 
459,Chaussure Court Tourino,100 €,Originals,3 Coloris disponibles,Femmes 
460,Chaussure Predator Edge+ Terrain souple,280 €,Football,6 Coloris disponibles,Unisex
461,Chaussure Forum Mid,110 €,Originals,7 Coloris disponibles,Femmes 
462,Chaussure Predator Edge.1 Low Terrain souple,220 €,Football,5 Coloris disponibles,Unisex
463,Chaussure Stan Smith,110 €,Originals,41 Coloris disponibles,Hommes 
464,Chaussure Adizero Boston 11,160 €,Running,4 Coloris disponibles,Hommes 
465,Chaussure Adizero Avanti TYO,160 €,Athlétisme,3 Coloris disponibles,Unisex
466,Chaussure Copa Sense.3 sans lacets Terrain souple,90 €,Football,2 Coloris disponibles,Unisex
467,Chaussure NMD_R1,150 €,Originals,8 Coloris disponibles,Unisex
468,Chaussure Adizero Boston 11,160 €,Running,3 Coloris disponibles,Femmes 
469,Chaussure Pro N3XT 2021,90 €,Basketball,4 Coloris disponibles,Unisex
470,Chaussure Superstar,110 €,Originals,21 Coloris disponibles,Hommes 
471,Chaussure de golf Tech Response SL Spikeless,80 €,Golf,2 Coloris disponibles,Hommes 
472,Chaussure Continental 80 Stripes,110 €,Originals,4 Coloris disponibles,Unisex
473,Chaussure Tennis Hu,100 €,Originals,2 Coloris disponibles,Unisex
474,Chaussure Ultraboost 22,190 €,Running,28 Coloris disponibles,Hommes 
475,Chaussure à lacets Advantage Lifestyle Court,45 €,Sportswear,1 Coloris disponibles,Kids Unisex 
476,Chaussure Y-3 Qisan Cozy,350 €,Uknown,2 Coloris disponibles,Unisex
477,Chaussure Copa Sense.3 Terrain souple,80 €,Football,2 Coloris disponibles,Unisex
478,Chaussure Questar,85 €,Running,8 Coloris disponibles,Hommes 
479,Claquette Eezay,23 €,Sportswear,2 Coloris disponibles,Unisex
480,Chaussure NY 90,90 €,Originals,9 Coloris disponibles,Hommes 
481,Chaussure Forum Low,110 €,Originals,17 Coloris disponibles,Hommes 
482,Chaussure Ultra 4D,220 €,Running,4 Coloris disponibles,Hommes 
483,Chaussure Breaknet,60 €,Sportswear,6 Coloris disponibles,Unisex
484,Chaussure X Speedportal.3 Turf,80 €,Football,2 Coloris disponibles,Unisex
485,Chaussure Ultraboost enfants,90 €,IVY PARK,1 Coloris disponibles,Unisex
486,Chaussure Pureboost 22,130 €,Running,4 Coloris disponibles,Hommes 
487,Chaussure Duramo 10,45 €,Sportswear,6 Coloris disponibles,Kids Unisex 
488,Chaussure Racer TR21,45 €,Sportswear,2 Coloris disponibles,Kids Unisex 
489,Chaussure ZX 5K BOOST,170 €,Originals,8 Coloris disponibles,Hommes 
490,Chaussure Questar,85 €,Running,5 Coloris disponibles,Femmes 
491,Chaussure X Speedportal+ Terrain souple,150 €,Football,1 Coloris disponibles,Kids Unisex 
492,Chaussure Forum Low,75 €,Originals,3 Coloris disponibles,Kids Unisex 
493,Chaussure NMD_R1 Primeblue,150 €,Originals,6 Coloris disponibles,Unisex
494,Chaussure Kaiser 5 Cup,100 €,Football,1 Coloris disponibles,Unisex
495,Claquette Adilette,55 €,Originals,7 Coloris disponibles,Femmes 
496,Chaussure de running Racer TR21 Cloudfoam Lifestyle,75 €,Sportswear,5 Coloris disponibles,Hommes 
497,Chaussure Vulc Raid3r Skateboarding,55 €,Sportswear,5 Coloris disponibles,Hommes 
498,Chaussure Predator Edge.2 Multi-surfaces,140 €,Football,2 Coloris disponibles,Unisex
499,Claquette Adilette,40 €,Originals,10 Coloris disponibles,Hommes 
500,Chaussure Hoops,33 €,Basketball,3 Coloris disponibles,Kids Unisex 
501,Claquette Adilette Comfort,50 €,Sportswear,15 Coloris disponibles,Unisex
502,Chaussure Ultraboost 1.0 DNA Running Sportswear Lifestyle,200 €,Sportswear,3 Coloris disponibles,Unisex
503,Claquette Shmoofoil,40 €,Originals,3 Coloris disponibles,Hommes 
504,Chaussure Triple Platforum Low,140 €,Originals,2 Coloris disponibles,Femmes 
505,Chaussure NMD 360,60 €,Originals,1 Coloris disponibles,Kids Unisex 
506,Chaussure Samba Vegan Christmas,90 €,Originals,3 Coloris disponibles,Hommes 
507,Chaussure de volley-ball Marvel Thor Crazyflight Mid,160 €,Volley-ball,3 Coloris disponibles,Femmes 
508,Chaussure Court Team Bounce Indoor,90 €,Lifestyle,2 Coloris disponibles,Femmes 
509,PUREMOTION ADAPT,70 €,Sportswear,2 Coloris disponibles,Femmes 
510,Chaussure Superstar,70 €,Originals,1 Coloris disponibles,Kids Unisex 
511,Chaussure Adizero Takumi Sen 8 TME,200 €,Running,1 Coloris disponibles,Hommes 
512,Chaussure Forum Low,80 €,Originals,3 Coloris disponibles,Kids Unisex 
513,Chaussure FARM Rio x Vulc Raid3R Lifestyle Skateboarding Logo Branding,55 €,Sportswear,4 Coloris disponibles,Femmes 
514,Chaussure à scratch Grand Court Lifestyle,30 €,Sportswear,1 Coloris disponibles,Kids Unisex 
515,Chaussure Nizza Platform Mid,80 €,Originals,7 Coloris disponibles,Femmes 
516,Chaussure de volley-ball CrazyFlight Tokyo,150 €,Volley-ball,4 Coloris disponibles,Femmes 
517,Chaussure Forum Low CL,110 €,Originals,3 Coloris disponibles,Hommes 
518,Chaussure Superstar,110 €,Originals,21 Coloris disponibles,Hommes 
519,Chaussure de voyage Terrex Voyager 21,100 €,TERREX,2 Coloris disponibles,Unisex
520,Chaussure Stan Smith,100 €,Originals,22 Coloris disponibles,Femmes 
521,Chaussure Puig Indoor,90 €,Originals,3 Coloris disponibles,Hommes 
522,Chaussure Solarboost 4,160 €,Running,6 Coloris disponibles,Hommes 
523,Chaussure Ultraboost Supernova DNA Running Sportswear Lifestyle,200 €,Sportswear,2 Coloris disponibles,Unisex
524,Claquette Adilette Comfort,50 €,Sportswear,15 Coloris disponibles,Unisex
525,Chaussure Forum 84 Low,110 €,Originals,7 Coloris disponibles,Hommes 
526,Chaussure Stan Smith,120 €,Originals,41 Coloris disponibles,Hommes 
527,Chaussure Adizero Boston 11,160 €,Running,4 Coloris disponibles,Hommes 
528,Chaussure Ultraboost Web DNA,180 €,Lifestyle,10 Coloris disponibles,Unisex
529,Chaussure Superstar ADV,100 €,Originals,4 Coloris disponibles,Hommes 
530,Claquette Adilette Aqua,23 €,Sportswear,8 Coloris disponibles,Femmes 
531,Chaussure Superstar,110 €,Originals,21 Coloris disponibles,Hommes 
532,Chaussure Supernova 2.0,110 €,Running,5 Coloris disponibles,Hommes 
533,Chaussure Suru365 Slip-On,60 €,Sportswear,2 Coloris disponibles,Kids Unisex 
534,Chaussure Dropset Trainer,130 €,Fitness et Training,7 Coloris disponibles,Hommes 
535,Chaussure OutdoorBoost 2.0 adidas by Stella McCartney,200 €,adidas by Stella McCartney,3 Coloris disponibles,Femmes 
536,Chaussure Ligra 7 Indoor,65 €,Fitness et Training,3 Coloris disponibles,Unisex
537,Chaussure Tyshawn Low,90 €,Originals,2 Coloris disponibles,Hommes 
538,Chaussure Superstar,110 €,Originals,21 Coloris disponibles,Hommes 
539,Chaussure Ultraboost 20 adidas by Stella McCartney,250 €,adidas by Stella McCartney,1 Coloris disponibles,Femmes 
540,Chaussure Forum 84 Hi,130 €,Originals,1 Coloris disponibles,Hommes 
541,Chaussure Nizza,75 €,Originals,4 Coloris disponibles,Unisex
542,Chaussure de randonnée Terrex AX4 GORE-TEX,140 €,TERREX,7 Coloris disponibles,Unisex
543,Sandale Y-3,180 €,Uknown,5 Coloris disponibles,Unisex
544,Chaussure Solarglide 5,140 €,Running,11 Coloris disponibles,Hommes 
545,Claquette 360 2.0,50 €,Originals,2 Coloris disponibles,Kids Unisex 
546,Chaussure Superstar,110 €,Originals,17 Coloris disponibles,Femmes 
547,Chaussure adidas by Stella McCartney SolarGlide,220 €,adidas by Stella McCartney,1 Coloris disponibles,Hommes 
548,Chaussure slip-on à scratch adidas x Disney Vulc Raid3r Muppets,40 €,Sportswear,1 Coloris disponibles,Kids Unisex 
549,Chaussure Breaknet Court Lifestyle,60 €,Sportswear,3 Coloris disponibles,Femmes 
550,Chaussure Hoops Mid,50 €,Basketball,4 Coloris disponibles,Kids Unisex 
551,Chaussure Run Falcon 2.0,55 €,Running,9 Coloris disponibles,Unisex
552,Chaussure Gazelle,55 €,Originals,1 Coloris disponibles,Kids Unisex 
553,Chaussure Lite Racer 3.0,55 €,Sportswear,6 Coloris disponibles,Femmes 
554,Chaussure Ultraboost 21 x Parley,200 €,Running,3 Coloris disponibles,Unisex
555,Chaussure Ultraboost 22,190 €,Running,31 Coloris disponibles,Femmes 
556,Chaussure Ultraboost 19.5 DNA Running Sportswear Lifestyle,200 €,Sportswear,3 Coloris disponibles,Femmes 
557,Chaussure de volley-ball CrazyFlight Tokyo,150 €,Volley-ball,4 Coloris disponibles,Femmes 
558,Chaussure LA Trainer Lite,40 €,Originals,4 Coloris disponibles,Kids Unisex 
559,Chaussure Originals Flex,60 €,Originals,2 Coloris disponibles,Kids Unisex 
560,Chaussure à lacets Tensaur Sport Training,38 €,Sportswear,9 Coloris disponibles,Kids Unisex 
561,Chaussure Copa Sense.2 Terrain souple,120 €,Football,2 Coloris disponibles,Unisex
562,Chaussure Triple Platforum Lo,150 €,Originals,2 Coloris disponibles,Femmes 
563,Chaussure Stan Smith H,120 €,Originals,1 Coloris disponibles,Hommes 
564,Claquette Adilette Lite,35 €,Originals,5 Coloris disponibles,Unisex
565,Chaussure à lacets Advantage Lifestyle Court,45 €,Sportswear,4 Coloris disponibles,Kids Unisex 
566,Claquette Adilette Shower,28 €,Sportswear,11 Coloris disponibles,Unisex
567,Chaussure de golf sans crampons TOUR360 XT-SL 2.0,180 €,Golf,2 Coloris disponibles,Unisex
568,Chaussure Gamemode Knit Terrain souple,110 €,Football,2 Coloris disponibles,Unisex
569,Chaussure NMD_V3,160 €,Originals,7 Coloris disponibles,Hommes 
570,Chaussure Samba OG,50 €,Originals,2 Coloris disponibles,Kids Unisex 
571,Chaussure Court Tourino Bold,110 €,Originals,1 Coloris disponibles,Femmes 
572,Chaussure Ozelia,120 €,Originals,8 Coloris disponibles,Hommes 
573,Chaussure Adizero Boston 10,150 €,Running,4 Coloris disponibles,Hommes 
574,Chaussure Court Tourino,100 €,Originals,3 Coloris disponibles,Femmes 
575,Chaussure Tyshawn,100 €,Originals,4 Coloris disponibles,Hommes 
576,Chaussure Run Falcon 2.0,55 €,Running,9 Coloris disponibles,Hommes 
577,Chaussure Nizza RF Slip,75 €,Originals,2 Coloris disponibles,Unisex
578,Chaussure de volley-ball CrazyFlight Tokyo,150 €,Volley-ball,2 Coloris disponibles,Hommes 
579,Chaussure Stan Smith,110 €,Originals,41 Coloris disponibles,Hommes 
580,Chaussure Originals Flex,70 €,Originals,3 Coloris disponibles,Kids Unisex 
581,Chaussure NMD_V3,160 €,Originals,6 Coloris disponibles,Unisex
582,Chaussure de trail running Terrex Agravic Ultra,180 €,TERREX,5 Coloris disponibles,Unisex
583,Chaussure Ultraboost 22,190 €,Running,28 Coloris disponibles,Hommes 
584,Chaussure Superstar,60 €,Originals,4 Coloris disponibles,Kids Unisex 
585,Chaussure adidas x LEGO® Sport Pro,55 €,Sportswear,6 Coloris disponibles,Kids Unisex 
586,Chaussure Predator Edge.1 Terrain souple,100 €,Football,1 Coloris disponibles,Kids Unisex 
587,Chaussure Matchbreak Super,80 €,Originals,6 Coloris disponibles,Unisex
588,Chaussure Predator Edge.1 Terrain gras,220 €,Football,1 Coloris disponibles,Unisex
589,Chaussure Ultraboost 22,180 €,Running,28 Coloris disponibles,Hommes 
590,Chaussure Postmove Mid,90 €,Basketball,3 Coloris disponibles,Hommes 
591,Chaussure X Speedportal.3 Multi-surfaces,55 €,Football,1 Coloris disponibles,Kids Unisex 
592,Chaussure Nizza Hi ADV,100 €,Originals,2 Coloris disponibles,Unisex
593,Chaussure VL Court,70 €,Sportswear,4 Coloris disponibles,Femmes 
594,Chaussure X Speedportal.1 Terrain souple,100 €,Football,2 Coloris disponibles,Kids Unisex 
595,Chaussure Ultraboost 1.0 DNA,200 €,Sportswear,3 Coloris disponibles,Unisex
596,Chaussure Copa Sense.2 Terrain souple,120 €,Football,2 Coloris disponibles,Unisex
597,Chaussure Multix,90 €,Sportswear,7 Coloris disponibles,Unisex
598,Chaussure Continental 80 Stripes,110 €,Originals,1 Coloris disponibles,Hommes 
599,Chaussure Superstar,60 €,Originals,4 Coloris disponibles,Kids Unisex 
600,Chaussure de skateboard VULCRAID3R,38 €,Sportswear,3 Coloris disponibles,Kids Unisex 
601,Chaussure Tyshawn,100 €,Originals,4 Coloris disponibles,Hommes 
602,Chaussure à scratch Tensaur Sport Training,28 €,Sportswear,7 Coloris disponibles,Kids Unisex 
603,Chaussure ZX 2K BOOST 2.0,140 €,Originals,10 Coloris disponibles,Hommes 
604,Chaussure Ultraboost 21 COLD.RDY,180 €,Running,5 Coloris disponibles,Unisex
605,Chaussure ZX 500,110 €,Originals,6 Coloris disponibles,Hommes 
606,Chaussure Hoops 3.0 Mid Classic Vintage,70 €,Basketball,4 Coloris disponibles,Hommes 
607,Chaussure Forum 84 Low,120 €,Originals,8 Coloris disponibles,Hommes 
608,Chaussure de golf Adicross Retro Green,110 €,Golf,5 Coloris disponibles,Hommes 
609,Sandale Altaswim,25 €,Sportswear,2 Coloris disponibles,Kids Unisex 
610,Chaussure Ozelia,65 €,Originals,2 Coloris disponibles,Kids Unisex 
611,Chaussure Forum Low,38 €,Originals,2 Coloris disponibles,Kids Unisex 
612,Chaussure Ultraboost 22,190 €,Running,28 Coloris disponibles,Hommes 
613,Chaussure Predator Edge.2 Terrain souple,140 €,Football,3 Coloris disponibles,Unisex
614,Chaussure Run Falcon 2.0,55 €,Running,9 Coloris disponibles,Unisex
615,Chaussure Forum 84 High,120 €,Originals,1 Coloris disponibles,Hommes 
616,Chaussure OZWEEGO,60 €,Originals,1 Coloris disponibles,Kids Unisex 
617,Chaussure Pureboost 22,120 €,Running,6 Coloris disponibles,Unisex
618,Chaussure Court Tourino,100 €,Originals,2 Coloris disponibles,Femmes 
619,Chaussure Puig,100 €,Originals,2 Coloris disponibles,Hommes 
620,TOP TEN RB,100 €,Originals,5 Coloris disponibles,Hommes 
621,Claquette Adilette Shower,28 €,Sportswear,6 Coloris disponibles,Femmes 
622,Chaussure Lite Racer Rebold,70 €,Sportswear,3 Coloris disponibles,Hommes 
623,Claquette Adilette Comfort,50 €,Sportswear,11 Coloris disponibles,Femmes 
624,TERREX FREE HIKER MADE TO BE REMADE,250 €,TERREX,2 Coloris disponibles,Unisex
625,Chaussure Trainer V,85 €,Fitness et Training,3 Coloris disponibles,Hommes 
626,Chaussure en cuir Nizza 2,130 €,Originals,2 Coloris disponibles,Hommes 
627,Chaussure Breaknet,60 €,Sportswear,6 Coloris disponibles,Femmes 
628,Chaussure Ultraboost 22,190 €,Running,31 Coloris disponibles,Femmes 
629,Claquette Adissage,28 €,Sportswear,3 Coloris disponibles,Unisex
630,Chaussure Ultraboost Web DNA,180 €,Lifestyle,10 Coloris disponibles,Unisex
631,Chaussure Predator Edge+ Terrain souple,280 €,Football,6 Coloris disponibles,Unisex
632,Chaussure 3MC Vulc,70 €,Originals,6 Coloris disponibles,Unisex
633,Chaussure Craig Green Squash Polta AKH,220 €,Originals,1 Coloris disponibles,Hommes 
634,Chaussure de randonnée Terrex Swift R3,140 €,TERREX,8 Coloris disponibles,Unisex
635,Chaussure Hoops 3.0 Low Classic,65 €,Basketball,2 Coloris disponibles,Femmes 
636,Chaussure de trail running Terrex Agravic Flow 2.0 GORE-TEX,160 €,TERREX,4 Coloris disponibles,Hommes 
637,Chaussure Ownthegame,70 €,Basketball,3 Coloris disponibles,Unisex
638,Chaussure Forum Low,100 €,Originals,17 Coloris disponibles,Hommes 
639,Chaussure Response,75 €,Running,5 Coloris disponibles,Hommes 
640,Chaussure Stan Smith,110 €,Originals,41 Coloris disponibles,Hommes 
641,Chaussure Supernova 2.0,110 €,Running,5 Coloris disponibles,Hommes 
642,Sabot Adilette,40 €,Sportswear,5 Coloris disponibles,Unisex
643,Chaussure Ultraboost Web DNA,180 €,Lifestyle,10 Coloris disponibles,Unisex
644,Chaussure Adizero Adios 7,140 €,Running,3 Coloris disponibles,Hommes 
645,Chaussure 3MC Vulc,70 €,Originals,6 Coloris disponibles,Unisex
646,Chaussure Supernova+,120 €,Running,9 Coloris disponibles,Femmes 
647,Chaussure Run 70s Lifestyle Running,70 €,Sportswear,3 Coloris disponibles,Hommes 
648,Chaussure Ultraboost 5.0 DNA,200 €,Sportswear,19 Coloris disponibles,Femmes 
649,Chaussure Supernova 2.0,110 €,Running,5 Coloris disponibles,Hommes 
650,Chaussure EQ21 Run,85 €,Running,12 Coloris disponibles,Hommes 
651,Sabot Adilette,45 €,Sportswear,5 Coloris disponibles,Unisex
652,Chaussure de running Nebzed Cloudfoam Lifestyle,70 €,Sportswear,2 Coloris disponibles,Hommes 
653,Chaussure Ultraboost Web DNA,180 €,Lifestyle,10 Coloris disponibles,Unisex
654,Chaussure Adizero Boston 11,160 €,Running,3 Coloris disponibles,Femmes 
655,Chaussure Predator Edge+ Terrain gras,280 €,Football,3 Coloris disponibles,Unisex
656,Chaussure Ozelia,110 €,Originals,13 Coloris disponibles,Femmes 
657,Chaussure Dropset Trainer,130 €,Fitness et Training,7 Coloris disponibles,Femmes 
658,Chaussure Ultraboost 5 DNA Running Sportswear Lifestyle,180 €,Sportswear,19 Coloris disponibles,Femmes 
659,Chaussure Ultra 4D FWD,230 €,Running,1 Coloris disponibles,Femmes 
660,Chaussure de trail running Terrex Two Flow,120 €,TERREX,4 Coloris disponibles,Femmes 
661,Sandale Captain Toey 2.0,60 €,TERREX,3 Coloris disponibles,Kids Unisex 
662,Chaussure Tyshawn Low,100 €,Originals,2 Coloris disponibles,Unisex
663,Chaussure Run Falcon 2.0,55 €,Running,12 Coloris disponibles,Femmes 
664,Chaussure Dropset Trainer,130 €,Fitness et Training,7 Coloris disponibles,Femmes 
665,Chaussure Hoops 3.0 Low Classic Vintage,70 €,Basketball,5 Coloris disponibles,Hommes 
666,Chaussure Forum Mid,95 €,Originals,3 Coloris disponibles,Kids Unisex 
667,Chaussure Barricade Tennis,150 €,Tennis,3 Coloris disponibles,Femmes 
668,Chaussure Hoops Mid,45 €,Basketball,2 Coloris disponibles,Kids Unisex 
669,Chaussure OZWEEGO,130 €,Originals,12 Coloris disponibles,Hommes 
670,Chaussure Supernova 2.0,90 €,Running,3 Coloris disponibles,Kids Unisex 
671,Chaussure Lite Racer 3.0,55 €,Sportswear,6 Coloris disponibles,Femmes 
672,Chaussure adidas x LEGO® Sport Pro,90 €,Sportswear,8 Coloris disponibles,Kids Unisex 
673,Chaussure Superstar,75 €,Originals,1 Coloris disponibles,Kids Unisex 
674,Chaussure X Speedportal.1 Terrain gras,250 €,Football,1 Coloris disponibles,Unisex
675,Chaussure Tensaur Run,38 €,Sportswear,3 Coloris disponibles,Kids Unisex 
676,Chaussure Continental 80 Stripes,60 €,Originals,1 Coloris disponibles,Kids Unisex 
677,Chaussure ZX 2K Boost 2.0,150 €,Originals,10 Coloris disponibles,Unisex
678,Chaussure Predator Edge.2 Terrain souple,140 €,Football,3 Coloris disponibles,Unisex
679,Chaussure Forum Bold,120 €,Originals,24 Coloris disponibles,Femmes 
680,Chaussure EQ21 Run,85 €,Running,12 Coloris disponibles,Hommes 
681,Chaussure Predator Edge.3 Terrain souple,90 €,Football,4 Coloris disponibles,Unisex
682,Chaussure Forum Low,110 €,Originals,3 Coloris disponibles,Hommes 
683,Chaussure Continental 80,60 €,Originals,1 Coloris disponibles,Kids Unisex 
684,Chaussure Y-3 Qasa High,350 €,Uknown,1 Coloris disponibles,Unisex
685,Chaussure OZWEEGO,100 €,Originals,2 Coloris disponibles,Kids Unisex 
686,Chaussure de VTT Five Ten Trailcross LT,140 €,Five Ten,4 Coloris disponibles,Unisex
687,Chaussure NMD_R1 Primeblue,150 €,Originals,6 Coloris disponibles,Unisex
688,Chaussure Duramo SL 2.0,60 €,Running,10 Coloris disponibles,Hommes 
689,Chaussure OutdoorBoost 2.0 adidas by Stella McCartney,200 €,adidas by Stella McCartney,3 Coloris disponibles,Femmes 
690,Chaussure Response CL,120 €,Originals,3 Coloris disponibles,Hommes 
691,Chaussure Busenitz Vulc 2.0,90 €,Originals,6 Coloris disponibles,Hommes 
692,Chaussure Copa Nationale,110 €,Originals,1 Coloris disponibles,Hommes 
693,Chaussure de volley-ball Marvel Avengers Thor Crazyflight,150 €,Volley-ball,4 Coloris disponibles,Femmes 
694,Chaussure Lite Racer 3.0,55 €,Sportswear,6 Coloris disponibles,Femmes 
695,Chaussure de randonnée Terrex AX3 GORE-TEX,140 €,TERREX,2 Coloris disponibles,Unisex
696,Chaussure Forum Low,55 €,Originals,1 Coloris disponibles,Kids Unisex 
697,Chaussure Originals Flex,55 €,Originals,2 Coloris disponibles,Kids Unisex 
698,Chaussure Adizero Adios 7,140 €,Running,3 Coloris disponibles,Hommes 
699,Chaussure Superstar Vegan,110 €,Originals,2 Coloris disponibles,Unisex
700,Chaussure ZX 500,110 €,Originals,6 Coloris disponibles,Hommes 
701,Sandales Altaswim,30 €,Sportswear,3 Coloris disponibles,Kids Unisex 
702,Chaussure ZX 500,110 €,Originals,6 Coloris disponibles,Hommes 
703,Chaussure ZX 2K BOOST 2.0,140 €,Originals,10 Coloris disponibles,Hommes 
704,Claquette Adilette Shower,23 €,Sportswear,4 Coloris disponibles,Kids Unisex 
705,Chaussure Multix,55 €,Sportswear,1 Coloris disponibles,Kids Unisex 
706,Chaussure Puig Indoor,90 €,Originals,3 Coloris disponibles,Hommes 
707,Chaussure de randonnée Terrex AX4 Primegreen,120 €,TERREX,6 Coloris disponibles,Unisex
708,Sandale Y-3,160 €,Uknown,5 Coloris disponibles,Unisex
709,Chaussure Nizza,55 €,Originals,2 Coloris disponibles,Kids Unisex 
710,Chaussure Ultraboost 22,200 €,Running,31 Coloris disponibles,Femmes 
711,Chaussure Adizero Takumi Sen 8,200 €,Running,4 Coloris disponibles,Hommes 
712,Chaussure Forum Luxe Low,130 €,Originals,2 Coloris disponibles,Femmes 
713,Claquette Adilette Ayoon,50 €,Originals,3 Coloris disponibles,Femmes 
714,Chaussure Nizza Platform,70 €,Originals,12 Coloris disponibles,Femmes 
715,Chaussure de trail running Terrex Agravic Pro,200 €,TERREX,2 Coloris disponibles,Hommes 
716,Chaussure Forum Bonega Mid,130 €,Originals,3 Coloris disponibles,Femmes 
717,Chausson d'escalade Five Ten Niad Lace,150 €,Five Ten,1 Coloris disponibles,Unisex
718,Chaussure adidas by Stella McCartney UltraBOOST 22,230 €,adidas by Stella McCartney,1 Coloris disponibles,Femmes 
719,Chaussure Duramo 10,35 €,Sportswear,4 Coloris disponibles,Kids Unisex 
720,Chaussure de randonnée Terrex AX4 GORE-TEX,140 €,TERREX,4 Coloris disponibles,Femmes 
721,Chaussure Forum 84 Low,120 €,Originals,1 Coloris disponibles,Hommes 
722,Chaussure à scratch Advantage Court Lifestyle,38 €,Sportswear,2 Coloris disponibles,Kids Unisex 
723,Chaussure Run Falcon 2.0,55 €,Running,9 Coloris disponibles,Hommes 
724,Sandale adidas x Marvel AltaSwim Super Hero Adventures,35 €,Sportswear,1 Coloris disponibles,Kids Unisex 
725,Chaussure Predator Edge.3 Low Terrain souple,80 €,Football,2 Coloris disponibles,Unisex
726,Chaussure Samba OG,50 €,Originals,2 Coloris disponibles,Kids Unisex 
727,Chaussure de rugby Predator Malice SG,230 €,Rugby,4 Coloris disponibles,Unisex
728,Chaussure Edge Lux,90 €,Sportswear,2 Coloris disponibles,Femmes 
729,Chaussure adidas x Allbirds,120 €,Running,3 Coloris disponibles,Femmes 
730,Chaussure Ultraboost 22,200 €,Running,28 Coloris disponibles,Hommes 
731,Chaussure Campus 00s,100 €,Originals,2 Coloris disponibles,Hommes 
732,Chaussure Copa Sense.3 Terrain souple,80 €,Football,2 Coloris disponibles,Unisex
733,Chaussure Ultraboost Uncaged LAB,180 €,Lifestyle,2 Coloris disponibles,Unisex
734,Chaussure Solarcontrol,150 €,Running,3 Coloris disponibles,Femmes 
735,Chaussure Supernova+,120 €,Running,5 Coloris disponibles,Hommes 
736,Chaussure X Speedportal.1 Indoor,120 €,Football,1 Coloris disponibles,Unisex
737,Chaussure de VTT Five Ten Trail Cross Mid Pro,160 €,Five Ten,2 Coloris disponibles,Unisex
738,Claquette Adilette Comfort,40 €,Sportswear,15 Coloris disponibles,Unisex
739,Chaussure de cyclisme The Velosamba Vegan,120 €,Cyclisme,5 Coloris disponibles,Unisex
740,Chaussure Pureboost 22,120 €,Running,6 Coloris disponibles,Unisex
741,Chaussure Adizero Pro,180 €,Running,1 Coloris disponibles,Hommes 
742,Sandale adidas x LEGO® Captain Toey,65 €,TERREX,2 Coloris disponibles,Kids Unisex 
743,Chausson d’escalade Five Ten Crawe,180 €,Five Ten,1 Coloris disponibles,Unisex
744,Chaussure de trail running Terrex Speed Pro,150 €,TERREX,3 Coloris disponibles,Femmes 
745,Chaussure adidas x Allbirds,120 €,Running,3 Coloris disponibles,Femmes 
746,Claquette Adilette,55 €,Originals,7 Coloris disponibles,Femmes 
747,Chaussure basse Forum Exhibit,100 €,Originals,6 Coloris disponibles,Hommes 
748,Chaussure Adizero Adios 7,140 €,Running,3 Coloris disponibles,Femmes 
749,FORUM MID PARLEY,120 €,Originals,2 Coloris disponibles,Hommes 
750,Chaussure de randonnée Terrex AX4 Primegreen,120 €,TERREX,4 Coloris disponibles,Femmes 
751,Chaussure de golf S2G sans crampons Leather,130 €,Golf,5 Coloris disponibles,Unisex
752,Chaussure Kakari Terrain gras,90 €,Rugby,2 Coloris disponibles,Unisex
753,Chaussure à scratch Tensaur Sport Training,28 €,Sportswear,7 Coloris disponibles,Kids Unisex 
754,Chaussure OZWEEGO,60 €,Originals,2 Coloris disponibles,Kids Unisex 
755,Chaussure FARM Rio x Vulc Raid3R Lifestyle Skateboarding Logo Branding,55 €,Sportswear,4 Coloris disponibles,Femmes 
756,Chaussure de VTT Five Ten Sleuth DLX,120 €,Five Ten,7 Coloris disponibles,Unisex
757,Chaussure ZX 700 HD,75 €,Originals,2 Coloris disponibles,Kids Unisex 
758,Chaussure de golf Tour360 22,220 €,Golf,5 Coloris disponibles,Hommes 
759,Chaussure ZX 700 HD,55 €,Originals,2 Coloris disponibles,Kids Unisex 
760,Chaussure Hoops 3.0 Low Classic Vintage,65 €,Basketball,5 Coloris disponibles,Hommes 
761,Chaussure Vulc Raid3r Skateboarding,55 €,Sportswear,4 Coloris disponibles,Femmes 
762,Chaussure Kaptir 2.0,65 €,Sportswear,1 Coloris disponibles,Kids Unisex 
763,Chaussure à scratch Tensaur Sport Training,28 €,Sportswear,7 Coloris disponibles,Kids Unisex 
764,Chaussure Superstar 360,55 €,Originals,1 Coloris disponibles,Kids Unisex 
765,Chaussure de randonnée Terrex AX4 Mid GORE-TEX,160 €,TERREX,3 Coloris disponibles,Unisex
766,Chaussure à scratch Tensaur Sport Training,33 €,Sportswear,8 Coloris disponibles,Kids Unisex 
767,Chaussure Predator Edge+ Terrain souple,280 €,Football,6 Coloris disponibles,Unisex
768,Chaussure de volley-ball CrazyFlight,150 €,Volley-ball,4 Coloris disponibles,Femmes 
769,Chaussure de randonnée Terrex Boa,80 €,TERREX,5 Coloris disponibles,Kids Unisex 
770,Chaussure Forum Bold,120 €,Originals,24 Coloris disponibles,Femmes 
771,Chaussure Tobacco Gruen,110 €,Originals,3 Coloris disponibles,Hommes 
772,Chaussure Ultraboost 22,190 €,Running,28 Coloris disponibles,Hommes 
773,Chaussure Racer TR21,75 €,Sportswear,5 Coloris disponibles,Hommes 
774,Chaussure Predator Edge.1 Low Terrain synthétique,220 €,Football,1 Coloris disponibles,Unisex
775,Chaussure Forum Low,70 €,Originals,3 Coloris disponibles,Kids Unisex 
776,Claquette Adilette Boost,65 €,Sportswear,3 Coloris disponibles,Unisex
777,Sandale Terrex Sumra,70 €,TERREX,2 Coloris disponibles,Femmes 
778,Chaussure Roverend,200 €,Originals,1 Coloris disponibles,Hommes 
779,Chaussure NMD_V3,160 €,Originals,7 Coloris disponibles,Hommes 
780,Chaussure slip-on adidas x Marvel Suru365 Superhero Adventures,65 €,Sportswear,1 Coloris disponibles,Kids Unisex 
781,Chaussure Superstar 360,65 €,Originals,1 Coloris disponibles,Kids Unisex 
782,Chaussure Ultraboost 21 COLD.RDY,180 €,Running,2 Coloris disponibles,Femmes 
783,Chaussure adidas x Disney Racer TR21,50 €,Sportswear,1 Coloris disponibles,Kids Unisex 
784,Chaussure de golf Tour360 22,220 €,Golf,5 Coloris disponibles,Hommes 
785,Claquette Adilette Ayoon,50 €,Originals,3 Coloris disponibles,Femmes 
786,Chaussure Forum Bold,120 €,Originals,24 Coloris disponibles,Femmes 
787,Chaussure Ultraboost 5 DNA Running Lifestyle,180 €,Sportswear,23 Coloris disponibles,Hommes 
788,Chaussure NY 90,65 €,Originals,2 Coloris disponibles,Kids Unisex 
789,Chaussure à lacets FortaRun Sport Running,55 €,Sportswear,1 Coloris disponibles,Kids Unisex 
790,Chaussure NMD_R1,120 €,Originals,1 Coloris disponibles,Kids Unisex 
791,Chaussure Busenitz Vulc II,90 €,Originals,6 Coloris disponibles,Unisex
792,Chaussure Solarglide 5,140 €,Running,11 Coloris disponibles,Hommes 
793,Chaussure Swift Run 22,100 €,Sportswear,8 Coloris disponibles,Hommes 
794,Chaussure slip-on adidas x Disney Suru365 Winnie l'Ourson,55 €,Sportswear,1 Coloris disponibles,Kids Unisex 
795,Chaussure Ultraboost 5 DNA,180 €,Lifestyle,23 Coloris disponibles,Hommes 
796,Claquette adidas Adilette Comfort x LEGO®,40 €,Sportswear,4 Coloris disponibles,Kids Unisex 
797,Chaussure de randonnée Terrex Free Hiker GTX,220 €,TERREX,6 Coloris disponibles,Hommes 
798,Chaussure Ultraboost 22 x Parley,220 €,Running,2 Coloris disponibles,Unisex
799,Chaussure de trail running Terrex Soulstride RAIN.RDY,110 €,TERREX,3 Coloris disponibles,Unisex
800,Chaussure Forum 84 Low,120 €,Originals,7 Coloris disponibles,Hommes 
801,CHAUSSURE ULTRABOOST 22,190 €,Running,31 Coloris disponibles,Femmes 
802,Chaussure adidas Equipment Support 93,130 €,Originals,1 Coloris disponibles,Hommes 
803,Chaussure Forum 84 Hi,120 €,Originals,2 Coloris disponibles,Hommes 
804,Chaussure X Speedportal.1 Turf,120 €,Football,1 Coloris disponibles,Unisex
805,Chaussure Forum Bold,110 €,Originals,24 Coloris disponibles,Femmes 
806,Chaussure sans crampons Codechaos 22,180 €,Golf,3 Coloris disponibles,Femmes 
807,Chaussure adizero RC 4,100 €,Running,1 Coloris disponibles,Femmes 
808,Chaussure Predator Edge.3 Laceless Turf,100 €,Football,4 Coloris disponibles,Unisex
809,Chaussure Busenitz,100 €,Originals,4 Coloris disponibles,Hommes 
810,Chaussure Solarglide 5,140 €,Running,11 Coloris disponibles,Hommes 
811,Chaussure Terrex Two BOA® Trail Running,140 €,TERREX,4 Coloris disponibles,Unisex
812,Chaussure Hoops 3.0 Low Classic Vintage,65 €,Basketball,5 Coloris disponibles,Hommes 
813,NIZZA,70 €,Originals,4 Coloris disponibles,Hommes 
814,Chaussure NMD_V3,160 €,Originals,7 Coloris disponibles,Hommes 
815,Chaussure Superstar,75 €,Originals,4 Coloris disponibles,Kids Unisex 
816,Chaussure Ultraboost 22,190 €,Running,28 Coloris disponibles,Hommes 
817,Chaussure de volley-ball Forcebounce,110 €,Volley-ball,1 Coloris disponibles,Femmes 
818,Chaussure de VTT Five Ten Sleuth,90 €,Five Ten,3 Coloris disponibles,Femmes 
819,Chaussure Forum Premiere,200 €,Originals,1 Coloris disponibles,Unisex
820,Chaussure adidas x Disney Racer TR21 Toy Story Buzz l'Éclair,55 €,Sportswear,1 Coloris disponibles,Kids Unisex 
821,Chaussure Ultraboost 22,190 €,Running,28 Coloris disponibles,Hommes 
822,Chaussure Forum Bold,110 €,Originals,24 Coloris disponibles,Femmes 
823,Chaussure Solarglide 5,140 €,Running,11 Coloris disponibles,Femmes 
824,Claquette Adilette Aqua,23 €,Sportswear,11 Coloris disponibles,Femmes 
825,Chaussure Stan Smith H,180 €,Originals,1 Coloris disponibles,Hommes 
826,Chaussure Niteball,130 €,Originals,5 Coloris disponibles,Hommes 
827,Chaussure Copa Sense.1 Terrain souple,220 €,Football,6 Coloris disponibles,Unisex
828,Chaussure Predator Edge.1 Low Terrain gras,220 €,Football,3 Coloris disponibles,Unisex
829,Chaussure OZWEEGO,70 €,Originals,2 Coloris disponibles,Kids Unisex 
830,Claquette Adilette Shower,30 €,Sportswear,6 Coloris disponibles,Femmes 
831,Chaussure Duramo 10,35 €,Sportswear,4 Coloris disponibles,Kids Unisex 
832,Chaussure à lacets adidas x Disney Advantage Muppets,50 €,Sportswear,1 Coloris disponibles,Kids Unisex 
833,Chaussure à scratchs VS Switch 3 Lifestyle Running,33 €,Sportswear,4 Coloris disponibles,Kids Unisex 
834,Chaussure de VTT Five Ten Sleuth,90 €,Five Ten,4 Coloris disponibles,Unisex
835,Chaussure Run Falcon 2.0,55 €,Running,12 Coloris disponibles,Femmes 
836,Chaussure Copa Sense.1 Terrain synthétique,220 €,Football,1 Coloris disponibles,Unisex
837,Claquette Adilette Comfort,33 €,Sportswear,1 Coloris disponibles,Kids Unisex 
838,Chaussure de randonnée Terrex Swift R3 Mid GORE-TEX,180 €,TERREX,3 Coloris disponibles,Unisex
839,Chaussure Duramo SL 2.0,60 €,Running,10 Coloris disponibles,Hommes 
840,Claquette Shmoofoil,40 €,Originals,3 Coloris disponibles,Hommes 
841,Chaussure ZX 22 BOOST,130 €,Originals,4 Coloris disponibles,Femmes 
842,Chaussure Ultraboost 22,190 €,Running,31 Coloris disponibles,Femmes 
843,Chaussure Run 70s,50 €,Sportswear,5 Coloris disponibles,Kids Unisex 
844,Chaussure de rugby Adizero RS7 Terrain gras,220 €,Rugby,4 Coloris disponibles,Unisex
845,Chaussure Grand Court Alpha,80 €,Sportswear,5 Coloris disponibles,Femmes 
846,Chaussure adidas by Stella McCartney Treino,200 €,adidas by Stella McCartney,2 Coloris disponibles,Femmes 
847,Chaussure Ultraboost 5.0 DNA,180 €,Sportswear,23 Coloris disponibles,Hommes 
848,Chaussure Roverend,200 €,Originals,1 Coloris disponibles,Hommes 
849,Chaussure de tennis Adizero Ubersonic 4,150 €,Tennis,1 Coloris disponibles,Hommes 
850,Chaussure Solarboost 4,160 €,Running,6 Coloris disponibles,Hommes 
851,Chaussure Suru365 Slip-On,60 €,Sportswear,2 Coloris disponibles,Kids Unisex 
852,Chaussure de skateboard VULCRAID3R,35 €,Sportswear,2 Coloris disponibles,Kids Unisex 
853,Chaussure Swift Run 22,70 €,Sportswear,3 Coloris disponibles,Kids Unisex 
854,Chaussure Predator Edge.3 Laceless Turf,70 €,Football,1 Coloris disponibles,Kids Unisex 
855,Chaussure Gazelle,65 €,Originals,9 Coloris disponibles,Kids Unisex 
856,Chaussure Nizza,100 €,Originals,1 Coloris disponibles,Unisex
857,Claquette Comfort,35 €,Sportswear,2 Coloris disponibles,Femmes 
858,Claquette Shmoofoil,40 €,Originals,3 Coloris disponibles,Unisex
859,Chaussure Postmove Mid,90 €,Basketball,3 Coloris disponibles,Hommes 
860,Chaussure de trail running Terrex Speed Flow,120 €,TERREX,5 Coloris disponibles,Femmes 
861,Chaussure Solarglide 5,140 €,Running,11 Coloris disponibles,Femmes 
862,Chaussure de golf S2G Mid-Cut,140 €,Golf,1 Coloris disponibles,Femmes 
863,Chaussure NMD_R1 Refined,120 €,Originals,2 Coloris disponibles,Kids Unisex 
